Year;Month;Day;Agency;Article;Type;MediaType;CFD;CFV
2015;Januar;1;Berliner Woche;Zehn Tonnen Lebensmittel;t;Online;0;0
2015;Januar;1;Morgenpost;BT sammelt in Kirchengemeinden;lus;Online;0;0
2015;Januar;3;taz;Wir brauchen mehr Empörung;lus;Online;0;0
2015;Januar;3;rbb;Unser täglich übriges Brot;lus;Online;0;0
2015;Januar;3;deutschlandradiokultur;Wolfgang Thierse verteidigt Armenspeisung;lus;Online;0;0
2015;Januar;3;neues Deutschland;1o Jahre Laub und Seele;lus;Online;0;0
2015;Januar;4;Berliner Kurier;Müller spendet Lebensmittel für Arme;lus;Online;0;0
2015;Januar;4;Tagesspiegel;Sonntags um 10 - Teilen und helfen;lus;Online;0;0
2015;Januar;5;neues Deutschland;Die Armut wird sichtbar;lus;Online;0;0
2015;Januar;6;BZ;Ein Held mit Laib und Seele;lus;Online;0;0
2015;Januar;6;Berliner Woche;"10 Tonnen Lebensmittel ";lus;Online;0;0
2015;Januar;8;the Changer;Children are the future;k;Online;0;0
2015;Januar;13;Berliner Abendblatt;Auch die Helfer können Hilfe gut gebrauchen;lus;Online;0;0
2015;Februar;2;Berliner Zeitung;Bahnhofsmission Praktikanten sind gefragt;t;Online;0;0
2015;Februar;2;Berliner Woche;Köpenicker Schüler unterstützen die BT;t;Online;0;0
2015;Februar;5;financial.de;IFCO donates EUR 30.000 to support Food Banks during FL;t;Online;0;0
2015;Februar;5;quoteline;IFCO donates EUR 30.000 to support Food Banks during FL;t;Online;0;0
2015;Februar;5;Exberliner;Wasted adventures;t;Online;0;0
2015;Februar;13;Prestige Cars Magazin;TRIGO Businesspark unterstützt die BT;t;Online;0;0
2015;Februar;13;BZ;In dieser Marmelade steckt eine Portion Musik;FL;Online;0;0
2015;Februar;16;BZ;Wir suchen noch junges Gemüse für die Tafel;t;Online;0;1
2015;Februar;20;Frankfurter Allgemeine;Suppe, Seife und Erlösung;lus;Online;0;0
2015;Februar;24;HGVPraxis;München prüft mobile Schulküchen;k;Online;0;0
2015;März;1;Sunday Timer;Rich Germany' secret;t;Online;0;0
2015;März;4;Fruchtportal;IFCO unterstützt Tafeln auf der FL;t;Online;0;0
2015;März;9;Berliner Morgenpost;Armut - Warum jeder fünfte Berliner am Axistenzminimum lebt;lus;Online;0;0
2015;März;12;BZ;Ehrenamt statt Sightseeing für Berlin-Touristen;t;Online;0;0
2015;März;17;Berlin Online;Eins mehr - Oster;lus;Online;0;0
2015;März;17;Focus;Eins mehr - Oster;lus;Online;0;0
2015;März;17;Berlin.de;Eins mehr - Oster;lus;Online;0;0
2015;März;17;T-Online;Eins mehr - Oster;lus;Online;0;0
2015;März;18;Berliner Morgenpost;Eins mehr - Oster;lus;Online;0;0
2015;März;18;berlin.de;Missionsgemeinde Marzahn sammelt Stimmen für Auszeichnung als chrismon gemeinde 2015;lus;Online;0;0
2015;März;23;Fria Tidingen;"Berlins maträddare tar vara pa ""skräpmaten";t;Online;0;0
2015;März;27;Berliner Abendblatt;"Mit ""Laub und Seele"" für die Armen";lus;Online;0;0
2015;April;2;Berliner Woche;Fahrräder für kleines Geld;t;Online;0;0
2015;April;16;BZ;Guter Plan für Alltags-Helden;lus;Online;0;0
2015;April;17;Huffington Post;Immer der nächste Besenstrich!;k;Online;0;0
2015;April;21;Berliner Woche;Seit 10 Jahren verteilt LuS Lebensmittel an Bedürftige;lus;Online;0;0
2015;Mai;4;JAM FM;TREND BT-Brause Schluck für Schluck Gutes tun;t;Online;0;0
2015;Mai;5;Berliner Woche;Brause der BT;t;Online;0;0
2015;Mai;5;Berliner Woche;Spandauer Spielplatztage beginnen am 9. Mai;t;Online;0;0
2015;Mai;9;Berliner Abendblatt;Spandau wird zum Mega-Spielplatz;k;Online;0;0
2015;Mai;15;Berliner Morgenpost;Aus den Bezirken;lus;Online;0;0
2015;Mai;15;Berliner Woche;Mahrzan soziales Mahrzahner Laub und Seele;lus;Online;0;0
2015;Mai;26;Berliner Morgenpost;Picknick im Park mit den Rettern der Lebensmittel;t;Online;0;0
2015;Mai;26;dektor.fm;Tafel statt Tonne;t;Online;0;0
2015;Juni;1;Deutschlandfunk;Tafeln entwickeln sich zu Kontaktbörsen;t;Online;0;0
2015;Juni;2;Schwäbisches tagblatt;Sammeln und verteilen;t;Online;0;0
2015;Juni;4;moz;Die gute Seele vom Bahnhof Zoo;t;Online;0;0
2015;Juni;11;Der Tagesspiegel;Ehrenamt Wenn Helfen krank macht;t;Online;0;0
2015;Juni;23;Sonntagsblatt Bayern;Am Rande der Belastbarkeit;t;Online;0;0
2015;Juli;2;Bietigheimer Zeitung;Tafelläden in Not;t;Online;0;0
2015;Juli;2;Haller Tagblatt;Tafelläden in Not;t;Online;0;0
2015;Juli;3;Berliner Woche;"CDU-Abgeordnete sammelt Dosen für Bedürftige ";lus;Online;0;0
2015;Juli;10;ceskapozice.lidovky.cz;Berlínská tabule_ Tuny potravin potřebným místo na smetiště;t;Online;0;0
2015;Juli;17;nikos weinwelten;Autorenlesung im Ellington Hotel;t;Online;0;0
2015;August;14;Berliner Woche;Pfanboxaktion der BT;t;Online;0;0
2015;August;16;Trends der Zukünft;Restlos Glücklich;t;Online;0;0
2015;August;18;Berliner Woche;PENNY und REWE unterstützen die BT mit Pfandboxen;PH;Online;0;0
2015;August;19;BerlinerWoche;Marzahn Soliales feiern mit Laib und Seele;lus;Online;0;0
2015;August;21;Morgenpost;Auf den Teller;t;Online;0;0
2015;August;31;utopia.de;REWE Group Pfandbon-Spenden;PH;Online;0;0
2015;September;8;Tagesspiegel Potsdam;Flüchtlingshilfe;lus;Online;0;0
2015;September;18;Abendblatt;Eins Mehr! Zum Erntedank;lus;Online;0;0
2015;September;25;Abendblatt;Ehrenamt bleibt gefragt;lus;Online;0;0
2015;September;29;abendblatt;Viel zu tun für die Helfer mit Herz;t;Online;0;0
2015;Oktober;1;inforadio;programm schema Sendung;lus;Online;0;0
2015;Oktober;1;rbb;Verdienstorden Frederike;lus;Online;0;0
2015;November;6;tip;Ick bin eene Berliner Tafel;t;Online;0;0
2015;November;25;b4b berlin;Eins Mehr! Unterstützt Bedürftige in der Adventszeit;lus;Online;0;0
2015;Dezember;1;EssPress;Statt Klingelbüchse und Spendendose;t;Online;0;0
2015;Dezember;9;Berliner Woche;Weihnachtsspenden für die BT;t;Online;0;0
2015;Dezember;15;Business4business;Eins mehr! 12 Tonnen gesammelt;lus;Online;0;0
2015;Dezember;17;dvz24.net;Neues Fuhrpark Management Car2Share;t;Online;0;0
2015;Dezember;21;wunschauto24;Car2Share liefert schneller;t;Online;0;0
2015;Dezember;24;b4bberlin;Erfolgreicher Praxiseinsatz Car2Share;t;Online;0;0
2015;Dezember;24;neues Deutschland;Weihnachten für Bedürftige;t;Online;0;0
2015;Dezember;31;mittelstand Nachrichten;Erfolgreicher Praxiseinsatz Car2Share;t;Online;0;0
2015;Januar;1;BVG Plus;Spenden für das KIMBAmobil;k;Print;1;0
2015;Januar;1;TV Spielfilm;Arm und abgespest?;lus;Print;0;0
2015;Januar;2;tina;tina sagt danke;lus;Print;0;0
2015;Januar;2;Berliner Morgenpost;Berliner Tafel sammelt in Kirchengemeinden;lus;Print;0;0
2015;Januar;2;BZ;Aktion LuS feiert Jubiläum;lus;Print;0;0
2015;Januar;2;dpa;"LuS - 10 Jahre ";lus;Print;0;0
2015;Januar;3;meine Berliner Woche;Bedürftige zahlen mehr;lus;Print;0;0
2015;Januar;3;neues Deutsschland;Zehn Jahre LuS;lus;Print;0;0
2015;Januar;3;die Tageszeitung;Wir brauchen mehr Empörung;lus;Print;0;0
2015;Januar;3;Bild - BB;Lebensmittel für Bedürftige;lus;Print;0;0
2015;Januar;3;die Tageszeitung;Laib und Seele;lus;Print;0;0
2015;Januar;3;Märkische Oderzeitung;Initiative bittet um Spenden;lus;Print;1;0
2015;Januar;3;BZ;Jubiläum des Tages;lus;Print;0;0
2015;Januar;4;Berliner Kurier;Müller spendet Lebensmittel für Arme;lus;Print;0;0
2015;Januar;4;BZ am Sonntag;Lebensmittel für Bedürftige;lus;Print;0;0
2015;Januar;4;die Kirche;Dankgottesdienst für 10 Jahre LuS;lus;Print;0;0
2015;Januar;5;Berliner Morgenpost;Wolfgang Thierse bringt Würstchen zum Jubiläum;lus;Print;0;0
2015;Januar;5;Neues Deutschland;Die Armut wird sichtbar;lus;Print;0;0
2015;Januar;5;Neues Deutschland - BB;Die Armut wird sichtbar;lus;Print;0;0
2015;Januar;5;Der Tagesspiegel;Teilen und helfen;lus;Print;0;0
2015;Januar;5;Märkische Oderzeitung;Lus feiert Zehnjähriges;lus;Print;0;0
2015;Januar;5;Oranienburger Generalanzeiger;Lus feiert Zehnjähriges;lus;Print;0;0
2015;Januar;7;BZ;Ein Held mit LuS;lus;Print;0;0
2015;Januar;7;meine Berliner Woche (33x);Zehn Tonnen Lebensmittel;eins Mehr;Print;0;0
2015;Januar;8;Berliner Morgenpost;Es fehlt der politische Wille;lus;Print;0;0
2015;Januar;8;Der NordBerliner;Berlinweite Solidarität;lus;Print;0;0
2015;Januar;10;Berliner Abendblatt am Wochenende;Auch Helfer brauchen Hilfe;lus;Print;0;0
2015;Januar;10;Berliner Abendblatt am Wochenende;Auch die Helfer können Hilfe gut gebrauchen;lus;Print;0;0
2015;Januar;11;die Kirche;Zehn Jahre Laib und Seele;lus;Print;0;0
2015;Januar;14;dpa;Tafeln in NRW;t;Print;0;0
2015;Januar;14;meine Berliner Woche;Berliner Tafel sucht Helfer;lus;Print;0;1
2015;Januar;21;meine Berliner Woche;Berliner Tafel sucht Helfer;lus;Print;0;1
2015;Januar;24;Berliner Abendblatt am Wochenende;Laib und Seele;lus;Print;0;0
2015;Januar;27;BZ;Lebensmittelsortierer bei der Berliner Tafel;lus;Print;0;1
2015;Januar;27;die Tageszeitung;Lebensmittel gerettet;GW;Print;0;0
2015;Januar;27;BZ;Tafel rettet Grüne-Woche-Lebensmittel;GW;Print;0;0
2015;Januar;27;Oranienburger Generalanzeiger;Tafel sammelt 13 Tonnen Essen;GW;Print;0;0
2015;Januar;27;Märkische Oderzeitung (12x);Tafel sammelt 13 Tonnen Essen;GW;Print;0;0
2015;Januar;27;Nordbayerischer Kurier;GW: 13 Tonnen Essen übrig;GW;Print;0;0
2015;Januar;30;Fruchthandel Magazin;Deutschlands Fruchthandel im Fokus;t;Print;0;0
2015;Januar;30;BZ;Lebensmittel sortieren bei der Tafel;t;Print;0;1
2015;Februar;1;LOOXX;Robby & Marion Kracht;t;Print;0;0
2015;Februar;1;Berlin POCHE;Werbekampagne;t;Print;0;0
2015;Februar;1;handelsjournal;Müller dankt Berliner Handel;lus;Print;0;0
2015;Februar;4;meine Berliner Woche;Obst und Gemüse gut sortiert;t;Print;0;0
2015;Februar;4;Berliner Woche;Berliner Tafel sucht Helfer;t;Print;0;1
2015;Februar;5;Der NordBerliner;BT: 13 Tonnen Lebensmittel gerettet;GW;Print;0;0
2015;Februar;11;BZ;Helfer bei Ausgabenstellen der Berliner Tafel;lus;Print;0;0
2015;Februar;13;BZ;In dieser Marmelade steckt eine Portion Musik;FL;Print;0;0
2015;Februar;16;BZ;Lebensmittelsortierer bei LuS;lus;Print;0;1
2015;Februar;17;BZ;Wir suchen noch junges Gemüse für die Tafel;t;Print;0;1
2015;Februar;20;Frankfurter Allgemeine;Suppe, Seife und Erlösung;lus;Print;0;0
2015;Februar;20;Süddeutsche Zeitung;Brutzeln auf Rädern;k;Print;0;0
2015;Februar;21;Fruchthandel Magazin;Deutsche Frischemärkte;t;Print;0;0
2015;Februar;23;BZ;Mein Heute;t;Print;0;0
2015;Februar;23;Münchener Merkur;SPD fordert mobile Schulküche;k;Print;0;0
2015;Februar;24;BZ;Berliner Helden;t;Print;0;0
2015;Februar;25;BZ;Berliner Helden;lus;Print;0;0
2015;März;1;EatSmarter!;Von Fleischeslust und Rekordnudeln;t;Print;0;0
2015;März;4;meine Berliner Woche;Aus für den Hafen;lus;Print;0;0
2015;März;8;Berliner Morgenpost;Jenseits der Armutsgrenze;lus;Print;0;0
2015;März;8;Welt am Sonntag;Mit leeren Händen;lus;Print;0;0
2015;März;8;die Kirche;Wenn das Geld nicht reicht;lus;Print;0;0
2015;März;9;Sunday Times - London;Rich Germany´s secret: poor queue for food;t;Print;0;0
2015;März;12;Der NordBerliner;Laib und Seele;lus;Print;0;0
2015;März;12;Der NordBerliner;Eins mehr!;eins mehr;Print;0;0
2015;März;14;Allgemeine Zeitung;Laus-Check statt Sightseeing;t;Print;0;0
2015;März;14;Wiesbadener Kurier;Laus-Check statt Sightseeing;t;Print;0;0
2015;März;17;Berliner Zeitung;Berliner Tafel sammelt für Bedürftige;eins mehr;Print;0;0
2015;März;17;BZ;Tafel sammelt Essen in Supermärkten;eins mehr;Print;0;0
2015;März;17;dpa;Eins mehr!;eins mehr;Print;0;0
2015;März;18;Berliner Morgenpost;Oster-Spendenaktion in Supermärkten startet;eins mehr;Print;0;0
2015;März;18;meine Berliner Woche;Obst und Gemüse für einen Euro;lus;Print;0;0
2015;März;18;Die Welt;Oster-Spendenaktion in Supermärkten startet;eins mehr;Print;0;0
2015;März;21;Hanauer Anzeiger;Laus-Check statt Trabisafari;t;Print;0;0
2015;März;21;Nürnberger;Schulküche kommt per Bus;k;Print;0;0
2015;März;23;Computerwoche;Know-How für die Berliner Tafel;t;Print;0;1
2015;März;25;meine Berliner Woche NK;Mit Eins Mehr! Der Tafel helfen;lus;Print;0;0
2015;März;25;meine Berliner Woche PB;Mit Eins Mehr! Der Tafel helfen;lus;Print;0;0
2015;März;25;meine Berliner Woche Marzahn;Mit Eins Mehr! Der Tafel helfen;lus;Print;0;0
2015;März;26;Berlin Live;Mit Mozart Kindern aus der Not helfen;k;Print;0;0
2015;März;27;BZ;Lebensmittel sortieren;t;Print;0;0
2015;März;28;Berliner Abendblatt;Mit LuS für die Arme;lus;Print;0;0
2015;März;28;Berliner Abendblatt;Mit LuS;eins mehr;Print;0;0
2015;April;1;Das Haus;Lebensmittel entdecken;k;Print;0;0
2015;April;1;Berliner Woche;LeBuffet-Restaurants spenden an die BT;SmS;Print;0;0
2015;April;4;Gartenfreund;Treptower Kleingärtner brachten erste Ernte ein;FL;Print;0;0
2015;April;16;BZ;Liebe Leserin, Lieber Leser;t;Print;0;0
2015;April;16;BZ;Für Helden haben wir heute einen guten Plan;lus;Print;0;0
2015;April;22;Berliner Woche;Lebensmittel für Arme;lus;Print;0;0
2015;April;29;BZ;Helden gucken Superhelden;t;Print;0;0
2015;Mai;6;meine Berliner Woche (2x);Brause der Berliner Tafel;brause;Print;0;0
2015;Mai;7;Der Tagesspiegel;Ein Toast auf die Tafel;brause;Print;0;0
2015;Mai;7;Der NordBerliner;Helfen mit einzigartigem Geschmack;brause;Print;0;0
2015;Mai;10;Tag des Herrn;"Brause kaufen und für Arme spenden ";brause;Print;0;0
2015;Mai;15;Berliner Morgenpost;Neue Ausgabestelle der BT gefordert;lus;Print;0;0
2015;Mai;20;meine Berliner Woche Marzahn;LuS droht das Aus;lus;Print;0;0
2015;Mai;20;meine Berliner Woche Hellesdorf;LuS droht das Aus;lus;Print;0;0
2015;Juni;1;tip Berlin;Gute Erfrischung;t;Print;0;0
2015;Juni;1;BVG PLUS;Werbekampagne;t;Print;0;0
2015;Juni;2;Rheinische Post;Tafel;t;Print;0;0
2015;Juni;4;Die Welt;Ein tierisches Vergnügen;t;Print;0;0
2015;Juni;5;LINDA leben;Ohne Erinnerung;t;Print;0;0
2015;Juni;13;Katholische SonntagsZeitung;Den Mangel bekämpfen;t;Print;0;0
2015;Juni;13;neue bildpost;Den Mangel bekämpfen;t;Print;0;0
2015;Juni;13;Nürnberger Nachrichten;Ein Omnibus mit Küche und Speisesaal;k;Print;0;0
2015;Juni;13;Nürnberger Nachrichten;Ein Omnibus mit Küche und Speisesaal;k;Print;0;0
2015;Juni;24;BZ;Tafel feiert 5 Jahre Kimba-Mobil;k;Print;0;0
2015;Juni;27;BZ;Abgeordnete sammelt Essen für Tafel;lus;Print;0;0
2015;Juni;29;BZ;Heldin des Tages;k;Print;0;0
2015;Juli;1;BZ;Wer kommt zu uns ins Helden-Camp;lus;Print;0;0
2015;Juli;3;BZ;Helden gesucht;lus;Print;0;0
2015;Juli;3;BZ;Berliner Helden;t;Print;0;0
2015;Juli;8;meine Berliner Woche;Dosen für Bedürftige;lus;Print;0;0
2015;Juli;15;BZ;Helfer bei der Berliner Tafel;t;Print;0;0
2015;Juli;21;BZ;Tafel sucht Ferien-Helder für den Sommer;t;Print;0;0
2015;Juli;24;BZ;Promis schreiben für die Berliner Tafel;t;Print;0;0
2015;Juli;25;BZ;Berliner Helden;t;Print;0;0
2015;August;3;BZ;Ferien-Helden für den Sommer bei der Berliner Tafel gesucht;t;Print;0;0
2015;August;3;Märkische Oderzeitung;Weniger Lebensmittel und Helfer;t;Print;0;0
2015;August;4;Der Tagesspiegel;Berlin ist ihr Vorbild;t;Print;0;0
2015;August;7;Lebensmittel Zeitung;Andrang bei der Tafel nimmt zu;t;Print;0;0
2015;August;13;BZ;Aktion des Tages;t;Print;0;0
2015;August;13;Der NordBerliner;Käse ist wichtig;t;Print;0;0
2015;August;13;Oranienburger Generalanzeiger;Teller statt Tonne;t;Print;0;0
2015;August;19;meine Berliner Woche;Penny und REWE unterstützen BT mit Pfandboxen;t;Print;0;0
2015;August;19;meine Berliner Woche;Penny und REWE unterstützen BT mit Pfandboxen;t;Print;0;0
2015;August;26;meine Berliner Woche;Feiern mit Laib und Seele;lus;Print;0;0
2015;August;27;BZ;Gute Taten, Gute Tüten;lus;Print;0;0
2015;August;27;Neues Deutschland;Tafel verteilt Geschenke zum ersten Schultag;lus;Print;0;0
2015;August;29;Berliner Morgenpost;Leo und Lions Club füllen Schultüten;lus;Print;0;0
2015;September;1;Berliner Verkehrsblätter;KIMBA-Mobil und KIMBA-Express;k;Print;0;0
2015;September;1;BVG Plus;Koch it yourself;k;Print;0;0
2015;September;10;Der NordBerliner;Kleine Überraschung im Alltag;lus;Print;0;0
2015;September;16;Oranienburger Generalanzeiger;Spendensammlung zum Erntedankfest;lus;Print;0;0
2015;September;16;Märkische Oderzeitung;Spendensammlung zum Erntedankfest;lus;Print;0;0
2015;September;17;Der NordBerliner;Aktion Eins und Mehr! Von LuS zum Erntedank;lus;Print;0;0
2015;September;17;Der Tagesspiegel;Essen zum Erntedank;lus;Print;0;0
2015;September;19;Berliner Abendblatt;Eins Mehr! Zum Erntedank;lus;Print;0;0
2015;September;22;Berliner Morgenpost;Gefüllt, gerollt und gespickt;t;Print;0;0
2015;Oktober;1;echo;Flaschen abgeben, Pfand spenden;t;Print;0;0
2015;Oktober;1;Berliner Wirtschaft;Versüßter Start in die Schule;lus;Print;0;0
2015;Oktober;8;BZ;Lebensmittel sortieren;t;Print;0;0
2015;Oktober;8;Der NordBerliner;LuS: neun Tonnen Lebensmittel;lus;Print;0;0
2015;Oktober;21;meine Berliner Woche NK;Neun Tonnen Lebensmittel;eins mehr;Print;0;0
2015;Oktober;21;meine Berliner Woche PB;Neun Tonnen Lebensmittel;eins mehr;Print;0;0
2015;Oktober;27;Salzwedeler Volksstimme;Warten und Tee trinken;t;Print;0;0
2015;Oktober;29;BZ;Die Essensretter;t;Print;0;0
2015;November;4;Röhn- und Saalepost;Tafeln: Starker Andrang von Flüchtlingen bereitet Probleme;t;Print;0;0
2015;November;6;Oranienburger Generalanzeiger;Naschen für den guten Zweck;t;Print;0;0
2015;November;6;Märkische Oderzeitung;Naschen für den guten Zweck;t;Print;0;0
2015;November;7;BZ;Schokolade essen und Gutes tun;t;Print;0;0
2015;November;10;BZ;Tafel sammelt Geschenke für Bedürftige;t;Print;0;0
2015;November;12;Der NordBerliner;Ick bin eene Berliner Tafel;t;Print;0;0
2015;November;13;Junge Freiheit;Flüchtlinge sind profitabler;t;Print;0;0
2015;November;17;BZ;Neue Rolle für Soap-Star;t;Print;0;0
2015;November;24;Potsdamer neueste Nachrichten;Froher Rest;t;Print;0;0
2015;November;24;Der Tagesspiegel;Froher Rest;t;Print;0;0
2015;November;24;Der Tagesspiegel;Grussworte Spandauer Weihnachtsmarkt;t;Print;0;0
2015;November;25;Berliner Woche;Berliner Tafel wieder mit eigenem Stand vertreten;t;Print;0;0
2015;November;25;BZ;Jobbörse für Heldentaten;t;Print;0;0
2015;November;26;BZ;Miles for Meals;t;Print;0;0
2015;November;30;Potsdamer neueste Nachrichten;Verteilungskampf ganz unten;t;Print;0;0
2015;November;30;Der Tagesspiegel;Verteilungskampf ganz unten;lus;Print;0;0
2015;Dezember;1;GV Kompakt;Catering ohne Reste;t;Print;0;0
2015;Dezember;2;BZ;"Restaurants sammeln Spenden für die Tafel ";SmS;Print;0;0
2015;Dezember;3;tip Berlin;Für Berliner;t;Print;0;0
2015;Dezember;9;meine Berliner Woche;Spenden für die Berliner Tafel;t;Print;0;0
2015;Dezember;9;meine Berliner Woche;Spenden für die Berliner Tafel;t;Print;0;0
2015;Dezember;9;meine Berliner Woche;Ohne Spenden geht gar nicht;lus;Print;0;0
2015;Dezember;11;dpa;Wochenvorschau;t;Print;0;0
2015;Dezember;15;Neues Deutschland;Tafel sammelt 12 Tonnen Lebensmittel;eins mehr;Print;0;0
2015;Dezember;15;Berliner Zeitung;Tafel-Aktion sammelt 12 Tonnen Lebensmittel;eins mehr;Print;0;0
2015;Dezember;15;Westfalenpost;Tafel-Aktion sammelt 12 Tonnen Lebensmittel;eins mehr;Print;0;0
2015;Dezember;15;Oranienburger Generalanzeiger;Kunden spenden 12 Tonnen Essen;eins mehr;Print;0;0
2015;Dezember;16;BZ;Tafel sammelt 12 Tonnen Lebensmittel;eins mehr;Print;0;0
2015;Dezember;16;Märkische Oderzeitung;Kunden spenden 12 Tonnen Essen;eins mehr;Print;0;0
2015;Dezember;22;Berliner Woche;Zahl der Opdachlosen steigt;t;Print;0;0
2015;Dezember;22;Berliner Woche;Zahl der Opdachlosen steigt;t;Print;0;0
2015;Dezember;24;BZ;Danke, dass ihr unser Weihnachtsfest rettet;t;Print;0;0
2015;Dezember;24;Neues Deutschland;Weihnachten für Bedürftige;t;Print;0;0
2015;Dezember;27;BZ am Sonntag;So hilft die Berliner Tafel;t;Print;0;0
2015;Dezember;29;Oranienburger Generalanzeiger;Mehr Lebensmittelspenden als Helfer und Transporteure;t;Print;0;1
2015;Dezember;31;Zitty;Zum Leben zu wenig;t;Print;0;0
2015;Januar;0;Kulturradio rbb;Beitrag über LuS;lus;RADIO;0;0
2015;Januar;0;Kulturradio rbb;Interview;lus;RADIO;0;0
2015;Januar;0;radioeins;10 Jahre LuS;lus;RADIO;0;0
2015;Januar;0;Inforadio;10 Jahre LuS;lus;RADIO;0;0
2015;Januar;0;Inforadio;Interview Sabine Werth;lus;RADIO;1;0
2015;Januar;0;Radio Berlin;Interview Friederike Sittler;lus;RADIO;0;0
2015;Januar;0;Radio Berlin;Interview Sabine Werth;lus;RADIO;1;0
2015;Februar;0;Radio Paradiso;Ehrenamtliche gesucht;t;RADIO;0;1
2015;April;0;Radio Paradiso;Tafel Brause Ankündigung;t;RADIO;0;0
2015;April;0;JAM FM;Tafel Brause Ankündigung;t;RADIO;0;0
2015;Mai;0;Detektor.fm;"Was bringt Spendenpflicht für Supermärkte ";t;RADIO;0;0
2015;Juli;0;Flux.fm;Berliner Tafel Allgemein;t;RADIO;0;0
2015;Oktober;0;Inforadio;Interview Friederike Sittler;lus;RADIO;0;0
2015;Januar;0;Tagesschau;10 Jahre LuS;lus;TV;0;0
2015;Januar;0;Abendschau;Friederike Sittler Beitrag;lus;TV;0;0
2015;März;0;Zibb;Mahrzan Missiongemeinde mit Ausgabestelle;lus;TV;0;0
2015;Mai;0;ZDF Volle Kanne;Über KIMBA;k;TV;0;0
2015;Mai;0;3sat makro;Essen für alle;k;TV;0;0
2015;Juni;0;rbb Aktuell;Gespräch mit Sabine Werth;lus;TV;1;0
2015;August;0;RTL2;Über Flüchtlingshilfe;lus;TV;0;0
2015;August;0;Abendschau;Pfandastisch helfen;lus;TV;0;0
2015;Oktober;0;Abendschau;NiF mit Friederike Sittler;lus;TV;0;0
2015;Oktober;0;rbb;Nachrichtenminute über Friederike Sittler;lus;TV;0;0
2015;November;0;rbb Aktuell;Heidelore zu 20 Jahre Bundesverband;lus;TV;0;0
2016;Januar;13;Berliner Kurier;Rabeneltern lassen ihre Kinder hungern;t;Online;0;0
2016;Januar;18;Freitag de;David Gutensohn besucht BT;t;Online;0;0
2016;Januar;25;berlinonline;Grüne Woche 11t gesammelt;t;Online;0;0
2016;Januar;25;berliner zeitung;"Flüchtlinge kriegen keine Lebensmittel ";t;Online;0;0
2016;Januar;25;rbb;"Flüchtlinge kriegen keine Lebensmittel ";t;Online;0;0
2016;Januar;25;morgenpost;"Flüchtlinge kriegen keine Lebensmittel ";t;Online;0;0
2016;Januar;25;moz;"Flüchtlinge kriegen keine Lebensmittel ";t;Online;0;0
2016;Januar;25;b4b;"Flüchtlinge kriegen keine Lebensmittel ";t;Online;0;0
2016;Januar;26;berlin.de;Flüchtlinge hungern, kein Geld von Lageso;t;Online;0;0
2016;Januar;26;tagesspiegel;Flüchtlinge hungern, kein Geld von Lageso;t;Online;0;0
2016;Januar;26;"zeit ";Flüchtlinge hungern, kein Geld von Lageso;t;Online;0;0
2016;Januar;26;taz;Flüchtlinge hungern, kein Geld von Lageso;t;Online;0;0
2016;Januar;27;morgenpost;Flüchtlinge hungern, kein Geld von Lageso;t;Online;0;0
2016;Januar;28;jungewelt;Flüchtlinge hungern, kein Geld von Lageso;t;Online;0;0
2016;Februar;5;berliner feuerwehr de;FL 50t, Feuerwehr transportiert;t;Online;0;0
2016;Februar;6;faz;Lebensmittel-Obergrenze bei Tafeln;t;Online;0;0
2016;Februar;6;berlin.de;FL 50t, Feuerwehr transportiert;t;Online;0;0
2016;Februar;6;arcor.de;FL 50t, Feuerwehr transportiert;t;Online;0;0
2016;Februar;6;welt.de;FL 50t, Feuerwehr transportiert;t;Online;0;0
2016;Februar;6;morgenpost.de;FL 50t, Feuerwehr transportiert;t;Online;0;0
2016;Februar;6;t-online;FL 50t, Feuerwehr transportiert;t;Online;0;0
2016;Februar;6;focus;FL 50t, Feuerwehr transportiert;t;Online;0;0
2016;Februar;8;firmenauto.de;Car2Share Transporter;t;Online;0;0
2016;Februar;9;berlinonline;FL 50t, Feuerwehr transportiert;t;Online;0;0
2016;Februar;9;BZ;FL Obst wird zu Marmelade eingekocht;t;Online;0;0
2016;Februar;9;city xxl;Lidl-Kunden 10 Mio Pfandspendeprojekt;t;Online;0;0
2016;Februar;9;finanznachrichten;Lidl-Kunden 10 Mio Pfandspendeprojekt;t;Online;0;0
2016;Februar;9;politikexpress;Lidl-Kunden 10 Mio Pfandspendeprojekt;t;Online;0;0
2016;Februar;9;fair news;Lidl-Kunden 10 Mio Pfandspendeprojekt;t;Online;0;0
2016;Februar;9;firmenpresse;Lidl-Kunden 10 Mio Pfandspendeprojekt;t;Online;0;0
2016;Februar;9;presseportal;Lidl-Kunden 10 Mio Pfandspendeprojekt;t;Online;0;0
2016;Februar;9;gretler;Lidl-Kunden 10 Mio Pfandspendeprojekt;t;Online;0;0
2016;Februar;9;pressekat;Lidl-Kunden 10 Mio Pfandspendeprojekt;t;Online;0;0
2016;Februar;10;b4b;Lidl-Kunden 10 Mio Pfandspendeprojekt;t;Online;0;0
2016;Februar;11;Bombardier Transportation unterstützt bei FL;FL;t;Online;0;0
2016;Februar;16;morgenpost.de;Bahnhofsmission Lebensmittel gehen aus;t;Online;0;0
2016;Februar;16;tagesspiegel;Bahnhofsmission Lebensmittel gehen aus;t;Online;0;0
2016;Februar;17;morgenpost.de;Nach Hilferuf unterstützen Berliner Bahnhofsmission;t;Online;0;0
2016;Februar;17;tourism insider;fabrics in nhow spenden 1 Euro SmS;t;Online;0;0
2016;Februar;24;svz.de;Prignitz - Tafel gehen Lebensmittel aus;t;Online;0;0
2016;Februar;25;berliner woche;10 Jahre für LuS Ausgabestelle Tempelhof;lus;Online;0;0
2016;Februar;26;Berliner Kurier;Was bedeutet arm in Berlin;t;Online;0;0
2016;März;3;morgenpost;Nachfrage bei Tafeln durch Flüchtlinge gestiegen;t;Online;0;0
2016;März;3;musik express;Foodsharing in Berlin;t;Online;0;0
2016;März;7;Berliner Zeitung;Powerfrauen, die Berlin bewegen - Sabine Wert;t;Online;0;0
2016;März;7;tip;Eins mehr! Ostern startet;lus;Online;0;0
2016;März;8;berliner zeitung;Sabine Werth Powerfrau, die Berlin bewegt;t;Online;0;0
2016;März;8;wdr;"Eins Mehr Ankündigung für morgen ";t;Online;0;0
2016;März;8;Berliner Zeitung;SW Powerfrauen, die Berlin bewegen;t;Online;0;0
2016;März;9;rs2;Eins mehr! Ostern startet;lus;Online;0;0
2016;März;12;abendblatt;Berliner haben etwas mehr Geld;t;Online;0;0
2016;März;14;Freitag.de;keine Flüchtlinge mehr in den LuS Ausgabestellen;lus;Online;0;0
2016;März;24;arcor;Eins Mehr vor Ostern 10 T gesammelt;lus;Online;0;0
2016;März;24;berlinonline;Eins Mehr vor Ostern 10 T gesammelt;lus;Online;0;0
2016;März;24;t-online;Eins Mehr vor Ostern 10 T gesammelt;lus;Online;0;0
2016;März;24;focus;Eins Mehr vor Ostern 10 T gesammelt;lus;Online;0;0
2016;März;24;berliner zeitung;Eins Mehr vor Ostern 10 T gesammelt;lus;Online;0;0
2016;März;24;welt;Eins Mehr vor Ostern 10 T gesammelt;lus;Online;0;0
2016;März;24;morgenpost;Eins Mehr vor Ostern 10 T gesammelt;lus;Online;0;0
2016;März;25;moz;Eins Mehr vor Ostern 10 T gesammelt;lus;Online;0;0
2016;April;11;cateringinside;Catering begleitet BT Touren;t;Online;0;0
2016;April;21;jüdische Alggemeine;jüdischer Zentralrat sammelten für BT;t;Online;0;0
2016;Mai;3;morgenpost;BT erstattet Anzeige;t;Online;0;0
2016;Mai;3;berlinonline;BT erstattet Anzeige;t;Online;0;0
2016;Mai;3;rbb online;BT erstattet Anzeige;t;Online;0;0
2016;Mai;3;morgenpost;BT erstattet Anzeige;t;Online;0;0
2016;Mai;3;pnn;BT erstattet Anzeige;t;Online;0;0
2016;Mai;3;tagesspiegel;BT erstattet Anzeige;t;Online;0;0
2016;Mai;5;minikama.at;BT erstattet Anzeige;t;Online;0;0
2016;Mai;6;carta info;Über Armut in der Gesellschaft;t;Online;0;0
2016;Mai;20;deutschlandfunk;Haltbarkeitsdatum abschaffen;t;Online;0;0
2016;Mai;31;berliner zeitung;Staat entzieht Verantwortung der Armen bei BT;t;Online;0;0
2016;Juni;23;atento;Zelt KIMBA Spende;k;Online;0;0
2016;Juli;12;morgenpost;Wo abgelaufene Lebensmittel neue Verwendung finden;t;Online;0;0
2016;Juli;29;zugderliebe;Pressemitteilung;t;Online;0;0
2016;Juli;29;zugderliebe;Pressemitteilung der BT;t;Online;0;0
2016;Juli;30;morgenpost;10000 Menschen feiern beim Zug der Liebe;t;Online;0;0
2016;Juli;31;berliner kurier;Langzeit Hartz IV-Empfänger kandidiert fürs Abgeordnetenhaus;t;Online;0;0
2016;August;6;frechefreunde;Freche freunde spenden für KIMBA;k;Online;0;0
2016;August;8;berliner woche;Ehrenamtliche für Ausgabestelle gesucht;lus;Online;0;0
2016;August;18;maz;Wohngemeinschaft für Süchtige;t;Online;0;0
2016;August;22;ekbo;Schultüten-Packen für bedürftige Kinder;t;Online;0;0
2016;August;23;Berliner Zeitung;Berliner Großmarkt;t;Online;0;0
2016;August;24;BZ;Die Berliner Tafel kann auch tüten;t;Online;0;0
2016;August;28;Berliner Woche;Sommerfest in Laib und Seele Ausgabestelle;t;Online;0;0
2016;August;29;Berliner Woche;Schultüten für Bedürftige;t;Online;0;0
2016;August;29;emscechtewelle;Podcast über die Lingener Tafel;t;Online;0;0
2016;August;31;berliner woche;Sonderflohmarkt in LuS Ausgabestelle;lus;Online;0;0
2016;September;6;abendblatt berlin;Helfer suchen Helfer;t;Online;0;0
2016;September;7;Berliner Kurier;Erntedankfest Eins Mehr;lus;Online;0;0
2016;September;7;berlinonline;"Berlin sammelt Lebensmittel für Bedürftige ";lus;Online;0;0
2016;September;9;berliner Woche;Eins Mehr kaufen für Bedürftige;lus;Online;0;0
2016;September;17;Berliner Zeitung;Wie man mit einer App zum Sushi Retter wird;t;Online;0;0
2016;September;19;faz;Wahlergebnisse in Marzahn Hellesdorf;lus;Online;0;0
2016;September;23;blickpunkt bb;"Erntedankfest  zu Gunsten LuS ";lus;Online;0;0
2016;Oktober;5;berliner woche;BT dankt Spendern Eins Mehr;lus;Online;0;0
2016;Oktober;6;berliner woche;Rettung für LuS Ausgabestelle;lus;Online;0;0
2016;Oktober;18;Berliner Kurier;Frischer Saft für Bedürftige;t;Online;0;0
2016;Oktober;19;morgenpost;steigende Mieten in Berlin;t;Online;0;0
2016;Oktober;20;papierblog;steigende Mieten in Berlin;t;Online;0;0
2016;Oktober;30;huffingtonpost;Interview mit Heidelore Müller;lus;Online;0;0
2016;November;1;Berliner Woche;Meet&Eat in Pankow;t;Online;0;0
2016;November;1;HOGA aktiv;Suppe mit Sinn;t;Online;0;0
2016;November;16;berliner woche;Spenden für Bedürftige MyPlace;lus;Online;0;0
2016;November;25;berliner Woche;Aktivspielplatz Franz B. braucht Hilfe;t;Online;0;0
2016;November;28;news4press;Weihnachtsbaum am Pariser Platz;t;Online;0;0
2016;November;29;unternehmen heute;Weihnachtsbaum am Pariser Platz;t;Online;0;0
2016;Dezember;1;ekbo;Spendensammlung in Berliner Supermärkten;lus;Online;0;0
2016;Dezember;2;rbb;Start der Adventsaktion Eins Mehr;lus;Online;0;0
2016;Dezember;2;mynewdesk;Maritim Hotel serviert Suppe mit Sinn;t;Online;0;0
2016;Dezember;5;reiseziele ch;Maritim Hotel serviert Suppe mit Sinn;t;Online;0;0
2016;Dezember;13;deutschlandradiokultur;Sabine Werth im Gespräch;t;Online;0;0
2016;Dezember;19;berlinonline;Aktion Eins Mehr war erfolgreich;lus;Online;0;0
2016;Dezember;19;tag24;Neun Tonnen Weihnachtsgaben für Bedürftige;lus;Online;0;0
2016;Dezember;22;neues Deutschland;Ausgabestellen versorgen Bedürftige;lus;Online;0;0
2016;Dezember;22;live-pr;Sachspende von Sprintis;k;Online;0;0
2016;Dezember;23;kompakt.net;Sachspende von Sprintis;k;Online;0;0
2016;Dezember;29;b4bmainfranken;Sachspende von Sprintis;k;Online;0;0
2016;Januar;14;"Berliner Kurier ";Rabenelternlassen ihre Kinder in der Schule hungern;t;Print;0;0
2016;Januar;25;dpa;Berliner Tafel sammelt aug GW;t;Print;0;0
2016;Januar;26;Berliner Zeitung;Flüchtlinge in Berlin müssen hungern;t;Print;0;0
2016;Januar;26;Neues Deutschland;BT sammelte nach Grüner Woche;GW;Print;0;0
2016;Januar;26;Berliner Zeitung;GW: Elf Tonnen Lebensmittel gesammelt;GW;Print;0;0
2016;Januar;26;BZ;Tonnenweise Essen;GW;Print;0;0
2016;Januar;26;Oranienburger Generalzeiger;Tafel sammelt auf Messe Essen;GW;Print;0;0
2016;Januar;26;Schweriner Volkszeitung;"Elf Tonnen Lebensmittel ";GW;Print;0;0
2016;Januar;26;Neueste Nachrichten;"Elf Tonnen Lebensmittel ";GW;Print;0;0
2016;Januar;26;Magdeburger Volksstimme;Elf Tonnen Nahrung von GW;GW;Print;0;0
2016;Januar;26;Mäkische Oderzeitung;Tafel sammelt auf Messe Essen;GW;Print;0;0
2016;Januar;27;Frankfurter Rundschau;Flüchtlinge in Berlin müssen hungern;t;Print;0;0
2016;Januar;27;TAZ;Wieder Hunger in der Stadt;t;Print;0;0
2016;Januar;27;Der Tagesspiegel;Habe Nummer, habe Hunger;t;Print;0;0
2016;Januar;27;Berliner Morgenpost;Flüchtlinge warten aufs Essensgeld;t;Print;0;0
2016;Januar;28;Der Tagesspiegel;Großes Resteessen;GW;Print;0;0
2016;Januar;28;junge Welt;Beehörden versagen;t;Print;0;0
2016;Januar;1;Firmenauto;Transporter teilen;t;Print;0;0
2016;Februar;1;NFM;Erfolgreicher Praxistest;t;Print;0;0
2016;Februar;1;Technology Review;Transporter auf Zuruf;t;Print;0;0
2016;Februar;7;BZ am Sonntag;Obst gesammelt;t;Print;0;0
2016;Februar;8;Neues Deutschland;BT sammelt tonnenweise Obst;t;Print;0;0
2016;Februar;9;"BZ ";Bei uns fruchtet die Heldentat;t;Print;0;0
2016;Februar;9;na (dpa);Das Lidl-Pfandspendenprojekt erreicht einen Meilenstein in der Zusammenarbeit mit den Tafeln;t;Print;0;0
2016;Februar;14;Tag des Herrn;Berliner Tafel sammelt tonnenweise Obst;t;Print;0;0
2016;Februar;14;Reinickendorfer allgemeine Zeitung;Einsatz für I LOVE TEGEL;lus;Print;0;0
2016;Februar;17;Berliner Morgenpost;Bahnhofsmission am Zoo gehen Lebensmittel aus;t;Print;0;0
2016;Februar;18;Berliner Morgenpost;"""Berliner helfen"" unterstützt Bahnhofsmission";t;Print;0;0
2016;Februar;20;Berliner Morgenpost;Hilfe für Obdachlose in Berlin;t;Print;0;0
2016;Februar;20;Allgemeine Hotel- und Gastronomiezeitung;Ich mache Portionen kleiner;t;Print;0;0
2016;Februar;26;Berliner Kurier;Was bedeutet Arm in Berlin;t;Print;0;0
2016;Februar;27;Hanauer Anzeiger;Marion Kracht;t;Print;0;0
2016;März;1;DIM Magazin;KIMBA - hier können Kinder Ernährung lernen!;k;Print;0;0
2016;März;2;meine Berliner Woche;LuS in der Rundkirche;lus;Print;0;0
2016;März;8;Märkische Oderzeitung;Tafel sammelt Eins mehr!;eins mehr;Print;0;0
2016;März;8;Oranienburger Generalanzeiger;Tafel sammelt Eins mehr!;eins mehr;Print;0;0
2016;März;8;BZ;Wer legt der Tafel ein Ostergeschenk ins Nest?;eins mehr;Print;0;0
2016;März;16;meine Berliner Woche;LuS in der Rundkirche;lus;Print;0;0
2016;März;16;meine Berliner Woche (2x);Eins mehr! Hilft Bedürftigen;eins mehr;Print;0;0
2016;März;16;Hanauer Wochenpost;Marion Kracht;t;Print;0;0
2016;März;24;dpa;Berliner spenden 10 Tonnen Lebensmittel;eins mehr;Print;0;0
2016;März;24;dpa;Nachrichtenüberblick;eins mehr;Print;0;0
2016;März;25;dpa;Berliner spenden 10 Tonnen Lebensmittel;eins mehr;Print;0;0
2016;März;26;BZ;10 Tonnen Lebensmittel für Bedürftige;eins mehr;Print;0;0
2016;März;26;Neues Deutschland;Lebensmittel für Bedürftige gesammelt;eins mehr;Print;0;0
2016;März;26;Oranienburger Generalanzeiger;Berliner spenden 10 Tonnen Lebensmittel;eins mehr;Print;0;0
2016;April;1;Catering Inside;Es bleibt immer was übrig;t;Print;0;0
2016;April;1;Wir für Berlin;Die Tafel sorgt für nachhaltigen Umgang mit Ressourcen;t;Print;0;0
2016;April;1;Feuerwehrmagazin;Feuerwehr sammelt 50 Tonnen Gemüse;t;Print;0;0
2016;April;14;BZ;Helden gesucht;lus;Print;0;0
2016;Mai;4;Berliner Zeitung;Berliner Tafel erstattet Anzeige;t;Print;0;0
2016;Mai;4;BZ;Berliner Tafel warnt vor betrügerischen Telefonanrufen;t;Print;0;0
2016;Mai;4;Berliner Morgenpost;Berliner Tafel warnt vor Trickbetrügern;t;Print;0;0
2016;Mai;4;Märkische Oderzeitung;Betrüger sammeln Geld übers Telefon;t;Print;0;0
2016;Mai;4;Spandauer Volksblatt;Von Nachbarn für Nachbarn;lus;Print;0;0
2016;Mai;5;Oranienburger Generalanzeiger;Betrüger sammeln Geld übers Telefon;t;Print;0;0
2016;Juni;1;VDOE POSITION;Wie funktioniert die BT;t;Print;0;0
2016;Juni;1;Catering Inside;Lebensmittel wertschätzen;t;Print;0;0
2016;Juni;1;Berliner Zeitung;Bescheiden leben, auf die Zukunft hoffen;t;Print;0;0
2016;Juni;3;Berliner Zeitung;Jeden Cent dreimal umdrehen;t;Print;0;0
2016;Juni;16;BZ;Helden gesucht;lus;Print;0;0
2016;Juli;4;BZ;Ehrenamt mit 130 PS;t;Print;0;0
2016;Juli;8;BZ;Helden gesucht;t;Print;0;0
2016;Juli;28;"Märkische Oderzeitung ";Tafel-Tour mit neuem Kühlfahrzeug;t;Print;0;0
2016;August;1;Gartenfreund;Tipps und Termine;t;Print;0;0
2016;August;1;Berliner Kurier;Sozial-Schmarotzer kandidiert fürs Abgeordnetenhaus;t;Print;0;0
2016;August;10;meine Berliner Woche;Berliner Tafel braucht Hilfe;lus;Print;0;0
2016;August;11;Reinickendorfer Allgemeine Zeitung;Guter Zweck;lus;Print;0;0
2016;August;19;dpa;Tagesvorschau;t;Print;0;0
2016;August;20;dpa;Tagesvorschau;t;Print;0;0
2016;August;21;dpa;Tagesvorschau;t;Print;0;0
2016;August;22;Berliner Morgenpost;Bedürftige Berliner Kinder erhalten Schultüten;t;Print;0;0
2016;August;22;Oranienburger Generalanzeiger;Tafel packt 1500 Schultüten;t;Print;0;0
2016;August;22;Märkische Oderzeitung;Tafel packt 1500 Schultüten;t;Print;0;0
2016;August;23;Berliner Zeitung;Hochbetrieb vor Sonnenaufgang;t;Print;0;0
2016;August;23;BZ;Die BT kann auch Tüten;t;Print;0;0
2016;August;27;Berliner Morgenpost;Bedürftige Schulanfänger erhalten Zuckertüten;lus;Print;0;0
2016;August;28;Tag des Herrn;Berliner Tafel packt 1500 Schultüten;lus;Print;0;0
2016;August;29;Bild;"Egal wie sexy Berlin wird, … ";t;Print;0;0
2016;September;7;Berliner Woche;Flohmarkt für Bedürftige;lus;Print;0;0
2016;September;8;Berliner Zeitung;Ehrenamtliche sammeln Spenden für Bedürftige;eins mehr;Print;0;0
2016;September;8;Oranienburger Generalanzeiger;"Ehrenamtliche sammeln Spenden ";lus;Print;0;0
2016;September;8;Berliner Kurier;Die Tafel bittet um Spenden;eins mehr;Print;0;0
2016;September;9;BZ;Berliner Helden;lus;Print;0;0
2016;September;14;Berliner Woche;Eins mehr kaufen für Bedürftige;eins mehr;Print;0;0
2016;September;14;meine Berliner Woche;Eins mehr kaufen für Bedürftige;eins mehr;Print;0;0
2016;September;18;die Kirche;Lebensmittel für Bedürftige;eins mehr;Print;0;0
2016;September;21;meine Berliner Woche;Eins mehr kaufen für Bedürftige;eins mehr;Print;0;0
2016;September;21;meine Berliner Woche;Eins mehr kaufen für Bedürftige;eins mehr;Print;0;0
2016;September;24;dpa;Viele Flüchtlinge in Niedersachsen nutzen Angebot der Tafeln;t;Print;0;0
2016;September;25;dpa;Viele Flüchtlinge in Niedersachsen nutzen Angebot der Tafeln;t;Print;0;0
2016;September;28;Dithmarscher Landeszeitung;Den Tafeln fehlen Lebensmittel;t;Print;0;0
2016;September;28;Berliner Zeitung;1,8 Millionen holen sich Lebensmittelspenden;t;Print;0;0
2016;Oktober;1;Wilhelmshavener Zeitung;Immer mehr Menschen kommen zu den Tafeln;t;Print;0;0
2016;Oktober;1;Berliner Morgenpost;Essensspenden für immer mehr Menschen;t;Print;0;0
2016;Oktober;1;TOP Magazin;7.5 Tonnen Lebensmittel für LuS;lus;Print;0;0
2016;Oktober;5;meine Berliner Woche;Berliner Tafel dankt Spendern;eins mehr;Print;0;0
2016;Oktober;5;meine Berliner Woche;Berliner Tafel dankt Spendern;eins mehr;Print;0;0
2016;Oktober;11;Badisches Tagblatt;Ungleicher als je zuvor;t;Print;0;0
2016;Oktober;12;meine Berliner Woche;Rettung für LuS?;lus;Print;0;0
2016;Oktober;19;meine Berliner Woche;Rettung für LuS?;lus;Print;0;0
2016;Oktober;20;Berliner Kurier;Ehre, wem Ehre gebührt!;t;Print;0;0
2016;November;1;Lions Club Magazin;Sympathieträger Corlew;t;Print;0;0
2016;November;4;Haltener Zeitung;Firma Greive erhält bundesweite Ehrung;t;Print;0;0
2016;November;12;Berliner Morgenpost;MyPlace und BT sammeln Weihnachtsgeschenke für Bedürftige;lus;Print;0;0
2016;November;16;meine Berliner Woche;Spenden für Bedürftige;lus;Print;0;0
2016;November;16;meine Berliner Woche;Spenden für Bedürftige;lus;Print;0;0
2016;November;16;Oranienburger Generalanzeiger;Schokolade kaufen und Armen helfen;t;Print;0;0
2016;November;16;Märkische Oderzeitung;Schokolade kaufen und Armen helfen;t;Print;0;0
2016;November;16;BZ;Schokoladen-Tafeln für Berliner Tafel;t;Print;0;0
2016;November;23;Berliner Woche;Plätzchen-Geheimnisse der Berliner Tafel;t;Print;0;0
2016;November;26;BZ;Ich schalte morgen am Pariser Platz das Licht an;t;Print;0;0
2016;November;28;BZ;Weihnachtsbaum am Pariser Platz leuchtet;t;Print;0;0
2016;November;29;Rheinische Post;Genügend Lebensmittel für alle;t;Print;0;0
2016;November;30;dpa;Wochenvorschau;t;Print;0;0
2016;Dezember;1;Gartenfreund;2000 Apfelsaftflaschen für den guten Zweck;t;Print;0;0
2016;Dezember;1;Märkische Oderzeitung;Suppe essen und damit Gutes tun;SmS;Print;0;0
2016;Dezember;1;BZ;"41 Restaurants kochen ab heute ""Suppe mit Sinn""";SmS;Print;0;0
2016;Dezember;2;dpa;Tagesvorschau;t;Print;0;0
2016;Dezember;2;dpa;Wochenschau;t;Print;0;0
2016;Dezember;4;dpa;Tagesvorschau;t;Print;0;0
2016;Dezember;4;BZ am Sonntag;Report der Woche;lus;Print;0;0
2016;Dezember;5;dpa;Produktionsvorschau;t;Print;0;0
2016;Dezember;5;dpa;Tagesvorschau;t;Print;0;0
2016;Dezember;7;Berliner Morgenpost;Nikolaus bringt Spielzeug für bedürftige Kinder;lus;Print;0;0
2016;Dezember;8;Berliner Kurier;Ehre, wem Ehre gebührt;lus;Print;0;0
2016;Dezember;10;Allgemeine Hotel- und Gastronomie-Zeitung;Maritim Hotel engagiert sich sozial;SmS;Print;0;0
2016;Dezember;19;dpa;Neun Tonnen Weihnachtsgaben für Bedürftige;eins mehr;Print;0;0
2016;Dezember;20;BZ;Neun Tonnen für Tafel;eins mehr;Print;0;0
2016;Dezember;20;Neues Deutschland;Neun Tonnen Gaben für Bedürftige zur Weihnacht;eins mehr;Print;0;0
2016;Dezember;20;Märkische Allgemeine;Weihnachtsgaben für Bedürftige;eins mehr;Print;0;0
2016;Dezember;22;Neues Deutschland;Kürbis, Brot und Bananen;lus;Print;0;0
2016;Dezember;23;Hessische Allgemeine;Verteilen statt wegwerfen;t;Print;0;0
2016;Januar;0;Berliner Rundfunk;Grüne Woche Interview;t;RADIO;0;0
2016;Januar;0;Radio Berlin;Grüne Woche Interview;t;RADIO;0;0
2016;Februar;0;Rs2;Foodblogger verarbeiten Fruit-Obst zu Marmelade;t;RADIO;0;0
2016;März;0;Rs2;"""Eins mehr!"" Ostern startet";lus;RADIO;0;0
2016;März;0;Berliner Rundfunk;"Sabine Interview ""Eins mehr!""";lus;RADIO;0;0
2016;September;0;Berliner Rundfunk;Eins mehr!;lus;RADIO;0;0
2016;September;0;Radio Paradiso;KIMBAmobil;k;RADIO;0;0
2016;September;0;Rundfunk BB;Flüchtlinge in den Ausgabestellen;t;RADIO;0;0
2016;November;0;Rs2;MyPlace Spendenaktion;lus;RADIO;0;0
2016;November;0;Berliner Rundfunk;MyPlace Spendenaktion;lus;RADIO;0;0
2016;November;0;DeutschlandRadio;Armut in Deutschland;t;RADIO;0;0
2016;Januar;0;rbb;über Flüchtlinge;t;TV;0;0
2016;Januar;0;Zibb;über vermehrte Flüchtlinge in Tafeln;t;TV;0;0
2016;Januar;0;SAT1 - Frühstückfernsehen;über Flüchtlinge;t;TV;0;0
2016;Februar;0;Zibb;Hilfe für die Opdachlosen;t;TV;0;0
2016;März;0;rbb Aktuell;Sabine Werth über MHD;t;TV;0;0
2016;Mai;0;Abendschau;BT erstattet Anzeige gegen Trickbetrüger;t;TV;0;0
2016;Oktober;0;rbb Abendschau;Berliner Tafeln haben weniger zu tun;t;TV;0;0
2016;November;0;ARD;Spende beim Quizduell;t;TV;0;0
2017;Januar;11;bz;Urteil und Geldauflage an BT wegen Laserpointer-Angriff;t;Online;0;0
2017;Januar;11;berliner kurier;Urteil und Geldauflage an BT wegen Laserpointer-Angriff;t;Online;0;0
2017;Januar;12;berliner Woche;Lebensmittel für Bedürftige;lus;Online;0;0
2017;Januar;14;morgenpost;Restaurant Cafe Giraffe Suppe mit Sinn;t;Online;0;0
2017;Januar;15;businessinsider;Lebensmitteltafeln verzeichnen offenbar Rekordgang;allgemein;Online;0;0
2017;Januar;17;rbb;Tafel-Initiatorin feiert 60. Geburtstag;t;Online;0;0
2017;Januar;17;berliner zeitung;Vostel Ehrenamt to go;t;Online;0;0
2017;Januar;21;morgenpost;BT bekommt weniger Lebensmittel;t;Online;0;0
2017;Januar;21;neues deutschland;BT bekommt weniger Lebensmittel;t;Online;0;0
2017;Januar;21;focus;BT bekommt weniger Lebensmittel;t;Online;0;0
2017;Januar;21;berliner kurier;BT bekommt weniger Lebensmittel;t;Online;0;0
2017;Januar;21;welt;BT bekommt weniger Lebensmittel;t;Online;0;0
2017;Januar;21;berlinonline;BT bekommt weniger Lebensmittel;t;Online;0;0
2017;Januar;21;arcor;BT bekommt weniger Lebensmittel;t;Online;0;0
2017;Januar;22;bz;BT bekommt weniger Lebensmittel;t;Online;0;0
2017;Januar;23;neues deutschland;BT bekommt weniger Lebensmittel;t;Online;0;0
2017;Januar;29;berliner zeitung;Wie man in Berlin Essbares vor dem Müll rettet;t;Online;0;0
2017;Januar;29;tagesspiegel;Auf den Tisch statt in die Tonne;allgemein;Online;0;0
2017;Januar;30;zeit;BT sammelt 14 Tonnen Lebensmittel;t;Online;0;0
2017;Januar;30;epochtimes;BT sammelt 14 Tonnen Lebensmittel;t;Online;0;0
2017;Januar;30;tagesspiegel;BT sammelt 14 Tonnen Lebensmittel;t;Online;0;0
2017;Januar;30;wz;Grüne Woche hilft Tafel;t;Online;0;0
2017;Januar;30;berlinonline;BT sammelt überzählige Lebensmittel;t;Online;0;0
2017;Januar;30;arcor;BT sammelt überzählige Lebensmittel;t;Online;0;0
2017;Januar;30;welt;BT sammelt überzählige Lebensmittel;t;Online;0;0
2017;Februar;2;freshplaza;BT sammelt 14 Tonnen Lebensmittel;t;Online;0;0
2017;Februar;2;berliner Woche;Lebensmittel für die Berliner Tafel;t;Online;0;0
2017;Februar;4;abendblatt berlin;Runde Sache;t;Online;0;0
2017;Februar;11;nak rudow;Hilfe für die Berliner Tafel;t;Online;0;0
2017;Februar;13;unserekirche;Die gute Nachricht;t;Online;0;0
2017;Februar;14;bild;Wer darf alles zur Tafel;allgemein;Online;0;0
2017;Februar;22;BZ;Fruchtige Überraschung für die BT;t;Online;0;0
2017;Februar;23;freshplaza;BT rettet 50 Tonnen Obst und Gemüse;t;Online;0;0
2017;Februar;24;fruchthandel;50 Tonnen Obst und Gemüse gehen an die BT;t;Online;0;0
2017;Februar;24;agrarwelt;50 Tonnen Obst und Gemüse gehen an die BT;t;Online;0;0
2017;Februar;24;berliner Woche;Neuer Standort Sternenfischer Freiwilligenzentrum;t;Online;0;0
2017;Februar;25;morgenpost;Altersarmut in Berlin - Im Herzen ein König;allgemein;Online;0;0
2017;März;10;berliner zeitung;Fahrer springt auf der Autobahn aus gestohlenem Transporter;allgemein;Online;0;0
2017;März;11;morgenpost;Autodieb springt auf der Flucht vor der Polizei auf die Autobahn;allgemein;Online;0;0
2017;März;11;softdrinkblog;Berliner Tafel Pflaume Kardamon;t;Online;0;0
2017;März;29;berlin.de;Gemeinsames Engagement sichert Standort von Laib und Seele;lus;Online;0;0
2017;März;29;landesfrauenrat berlin;Sabine Werth im LFR;t;Online;0;0
2017;April;9;berliner Woche;Ausgabestelle in Schwarzburger Straße hat dauerhafte Perspektive;lus;Online;0;0
2017;April;10;bz;Tafel sucht Ehrenamtliche;t;Online;0;0
2017;April;10;berliner zeitung;Berliner Tafel braucht dringend Helfer;t;Online;0;0
2017;April;10;superillu;Mangel an Ehrenamtlichen bei der BT;t;Online;0;0
2017;April;10;"morgenpost ";Mangel an Ehrenamtlichen bei der BT;t;Online;0;0
2017;April;10;berliner kurier;Mangel an Ehrenamtlichen bei der BT;t;Online;0;0
2017;April;10;welt;Mangel an Ehrenamtlichen bei der BT;t;Online;0;0
2017;April;10;berlinonline;Mangel an Ehrenamtlichen bei der BT;t;Online;0;0
2017;April;10;rbb;Mangel an Ehrenamtlichen bei der BT;t;Online;0;0
2017;April;10;tag24;Mangel an Ehrenamtlichen bei der BT;t;Online;0;0
2017;April;11;rtlnext;RTL Absahnen statt helfen;t;Online;0;0
2017;April;11;Punkt 12;RTL Absahnen statt helfen;t;Online;0;0
2017;April;12;businesspress24;RTL Absahnen statt helfen;t;Online;0;0
2017;April;12;welt;wenn Ehrenamtliche die besten Spenden selbst angreifen;t;Online;0;0
2017;April;12;focus;Reporter deckt auf;t;Online;0;0
2017;April;12;prisma;Veruntreuung bei der BT;t;Online;0;0
2017;April;13;bz;Haben Ehrenamtliche Helfer sich bei der Berliner Tafel selbst bedient;t;Online;0;0
2017;April;13;bild;Tafeln auf Kosten der Armen;t;Online;0;0
2017;April;13;huffington post;Ehrenamtliche Helfer klauen Bedürftigen massenweise lebensmittel;t;Online;0;0
2017;April;13;tag24;"BT in der Kritik Sacken Mitarbeiter die Spenden ein ";t;Online;0;0
2017;April;13;yahoo;Ehrenamtliche klauen Bedürftigen das Essen;t;Online;0;0
2017;April;13;derwesten;Rtl Bericht Diebstahlvorwürfe;t;Online;0;0
2017;April;13;pnn;BT prüft Vorwürfe gegen Ehrenamtliche;t;Online;0;0
2017;April;13;berliner kurier;Ehrenamtliche Helfer klauen Bedürftigen massenweise lebensmittel;t;Online;0;0
2017;April;13;express.de;Ehrenamtliche Helfer klauen Bedürftigen massenweise lebensmittel;t;Online;0;0
2017;April;13;mopo.de;Ehrenamtliche Helfer klauen Bedürftigen massenweise lebensmittel;t;Online;0;0
2017;April;13;stern;Berliner Tafel in der Kritik;t;Online;0;0
2017;April;13;berliner zeitung;BT prüft Vorwürfe gegen Ehrenamtliche;t;Online;0;0
2017;April;13;moz;BT prüft Vorwürfe gegen Ehrenamtliche;t;Online;0;0
2017;April;13;bild;BT prüft Vorwürfe gegen Ehrenamtliche;t;Online;0;0
2017;April;13;focus;BT prüft Vorwürfe gegen Ehrenamtliche;t;Online;0;0
2017;April;13;welt;BT prüft Vorwürfe gegen Ehrenamtliche;t;Online;0;0
2017;April;13;arcor;BT prüft Vorwürfe gegen Ehrenamtliche;t;Online;0;0
2017;April;13;morgenpost;BT prüft Vorwürfe gegen Ehrenamtliche;t;Online;0;0
2017;April;13;berlinonline;BT prüft Vorwürfe gegen Ehrenamtliche;t;Online;0;0
2017;April;20;news38;Essensdiebe gestellt;t;Online;0;0
2017;April;20;regionalheute;Wolfenbütteler Tafel äußert sich zu Diebstählen in Berlin;t;Online;0;0
2017;April;30;berliner Woche;Ausgabestelle LuS braucht Verstärkung;lus;Online;0;0
2017;Mai;2;morgenpost;BT trennt sich von Mitarbeitern;t;Online;0;0
2017;Mai;2;berlin.de;BT trennt sich von Mitarbeitern;t;Online;0;0
2017;Mai;2;Berliner Sonntagsblatt;BT trennt sich von Mitarbeitern;t;Online;0;0
2017;Mai;2;BZ;Betroffener Mitarbeiter flog raus und zwar achtkantig;t;Online;0;0
2017;Mai;2;bild;BT trennt sich von Mitarbeitern;t;Online;0;0
2017;Mai;2;morgenpost;Betroffener Mitarbeiter flog raus und zwar achtkantig;t;Online;0;0
2017;Mai;2;tag24;Tafel schmeißt Mitarbeiter raus;t;Online;0;0
2017;Mai;2;berliner Zeitung;BT geht gegen Missstände vor;t;Online;0;0
2017;Mai;2;moz;BT trennt sich von Mitarbeitern;t;Online;0;0
2017;Mai;2;focus;BT trennt sich von Mitarbeitern;t;Online;0;0
2017;Mai;2;arcor;BT trennt sich von Mitarbeitern;t;Online;0;0
2017;Mai;2;wort.lu;MLG lands in Berlin;t;Online;0;0
2017;Mai;3;lr online;BT trennt sich von Mitarbeitern;t;Online;0;0
2017;Mai;3;e110;Helfer bediente sich selbst;t;Online;0;0
2017;Mai;10;berliner woche;BT prüft Vorwürfe;t;Online;0;0
2017;Mai;10;rbb;Interview mit Raphael Fellmer;t;Online;0;0
2017;Mai;13;morgenpost;In Berlin kommt der Supermarkt für abgelaufene Lebensmittel;t;Online;0;0
2017;Mai;13;abendblatt;Gründer wollen Laden für abgelaufene Lebensmittel eröffnen;t;Online;0;0
2017;Mai;13;nrz;Gründer wollen Laden für abgelaufene Lebensmittel eröffnen;t;Online;0;0
2017;Mai;13;waz;Gründer wollen Laden für abgelaufene Lebensmittel eröffnen;t;Online;0;0
2017;Mai;13;wr;Gründer wollen Laden für abgelaufene Lebensmittel eröffnen;t;Online;0;0
2017;Mai;13;ikz;Gründer wollen Laden für abgelaufene Lebensmittel eröffnen;t;Online;0;0
2017;Mai;13;wp;Gründer wollen Laden für abgelaufene Lebensmittel eröffnen;t;Online;0;0
2017;Mai;19;focus;Tafel-Helfer müssen Erklärung unterzeichnen;t;Online;0;0
2017;Mai;19;rbb;BT leidet unter Spendenrückgang;t;Online;0;0
2017;Mai;19;morgenpost;Tafel-Helfer müssen Erklärung unterzeichnen;t;Online;0;0
2017;Mai;19;berlinonline;Tafel-Helfer müssen Erklärung unterzeichnen;t;Online;0;0
2017;Mai;19;welt;Tafel-Helfer müssen Erklärung unterzeichnen;t;Online;0;0
2017;Mai;19;süddeutsche;Tafel-Helfer müssen Erklärung unterzeichnen;t;Online;0;0
2017;Mai;19;bild;Tafel-Helfer müssen Erklärung unterzeichnen;t;Online;0;0
2017;Mai;19;berliner Zeitung;Tafel-Helfer müssen Erklärung unterzeichnen;t;Online;0;0
2017;Mai;19;BZ;Spendenrückgang bei der Tafel;t;Online;0;0
2017;Mai;19;Berliner Woche;Eine Tafel für Halensee;lus;Online;0;0
2017;Mai;19;kathpress.at;Feier-Abend-Mahl wirbt bei Kirchentag für Einheit der Christen;lus;Online;0;0
2017;Mai;20;tag24;BT brechen Spenden weg;t;Online;0;0
2017;Mai;26;berliner Woche;Bürgermedaille vergeben;lus;Online;0;0
2017;Mai;27;berliner Woche;RTL Punkt 12 Undervocer;t;Online;0;0
2017;Juni;11;fashion insider;Spende Shopping Queen;t;Online;0;0
2017;Juni;0;Echo;Eins Mehr für Bedürftige;lus;Online;0;0
2017;Juni;0;Berliner Zeitung;Porta Möbel engagier sich für Tafel und Kindergarten;allgemein;Online;0;0
2017;Juni;0;Fränkischer Tag;Sprinter für einen guten Zweck;allgemein;Online;0;0
2017;Juni;12;t online;Zoff bei Promi Shopping Queen;t;Online;0;0
2017;Juni;28;BZ;Sie sind Berlins erste offizielle Flughafen-Pfandsammler;t;Online;0;0
2017;Juni;28;business travel;Spende dein Pfand am Flughafen Tegel;t;Online;0;0
2017;Juni;28;kommunalwirtschaft;Spende dein Pfand;t;Online;0;0
2017;Juni;28;lifepr;Spende dein Pfand;t;Online;0;0
2017;Juni;28;recycling magazin;Spende dein Pfand;t;Online;0;0
2017;Juni;28;bild;Flaschensammler ist jetzt ein richtiger Beruf;t;Online;0;0
2017;Juni;29;recycling portal;Spende dein Pfand;t;Online;0;0
2017;Juli;0;Gartenfreund;Kolonie Wiesbaden verliert 22 Parzellen;t;Online;0;0
2017;Juli;0;Märkische Allgemeine;Pfand als Spende in Tegel;t;Online;0;0
2017;Juli;0;Fundraisermagazin;Spendenrückgang bei der Berliner Tafel;t;Online;0;0
2017;Juli;0;Deutschlandfunkkultur;Flaschensammeln für Mindestlohn;t;Online;0;0
2017;August;2;Gelnhäuser Tageblatt;100 Prozent aus Überzeugung;t;Online;0;0
2017;August;0;AERO International;Spende dein Pfand Tegekl;t;Online;0;0
2017;August;29;Bild Berlin-Brand.;Zahl des Tages 2.760;lus;Online;0;0
2017;August;29;B.Z;Aktion des Tages;lus;Online;0;0
2017;August;11;TINA;"""Flaschen sind bei mir in den besten Händen""";t;Online;0;0
2017;August;0;berliner-woche.de;Engel für einen Tag: Gemeinnützige Arbeit Theresienschule;lus;Online;0;0
2017;August;30;Berliner Abendblatt;Ein Herz für krummes Gemüse;t;Online;0;0
2017;August;17;Berliner Morgenpost;Wenn es fürs Essen nicht mehr reicht;t;Online;0;0
2017;August;7;Berliner Zeitung;Laden für gerettete Lebensmittel;t;Online;0;0
2017;September;1;Starting Up;Disruptiv-Spendabel;t;Online;0;0
2017;September;1;Gartenfreund;Weggeben statt wegwerfen;t;Online;0;0
2017;September;1;REWE Zeitung;Von Sammeln, Sortieren und Servieren;t;Online;0;0
2017;September;1;Gastronomie  Hotellerie;Ein feines Mittel gegen Schlaflosigkeit;t;Online;0;0
2017;September;4;Neues Deutschland;Zum Schulanfang laufen viele Aktionen;lus;Online;0;0
2017;September;8;Enorm-Magazin;Erstes Food-Outlet Deutschlands;lus;Online;0;0
2017;September;9;Berliner Woche;Käseglocke gerät in Schieflage;lus;Online;0;0
2017;September;9;Tagesspiegel;Aktionen auf dem Wasser und zu Land;t;Online;0;0
2017;September;9;Berliner Kurier;"""SirPlus"" Dieser Supermarkt haz auch Reste lieb";t;Online;0;0
2017;September;10;Tagesspiegel;Gemeinsame Sache - Wir helfen alle mit;t;Online;0;0
2017;September;18;Réforme;Les exclus du miracle économique allemand;t;Online;0;0
2017;September;22;Main-Post;Pfandtastisch helfen;t;Online;0;0
2017;September;0;dehoga-berlin.de;Suppe mit Sinn;t;Online;0;0
2017;Oktober;6;Berliner Woche;"
Lebensmittel und ein offenes Ohr: Kirche wird zweite ""Laib und Seele""-Filiale des Bezirks";t;Online;0;0
2017;Oktober;9;Lugos Vincenzo.com;Interview mit Sabine Werth;t;Online;0;0
2017;Oktober;15;YouTube - TASTE & STORIES / Tobias Stetter;berliner tafel salz auf startnext 2017;t;Online;0;0
2017;Oktober;17;Solinger Tagesblatt;Tafel: Lebensmittel werden knapper;t;Online;0;0
2017;Oktober;22;B.Z;Berliner Senioren in der Altersarmut;t;Online;0;0
2017;November;3;gamona.de;Spende Loot für die Welt;t;Online;0;0
2017;November;3;gameswirtschaft.de;Spende Friendly Fire;t;Online;0;0
2017;November;13;apotheke-adhoc.de;Apotheke ADHOC spendet Smoothies an Berliner Tafel;t;Online;0;0
2017;November;15;noizz.de;Kindern an Weihnachten etwas Gutes tun;t;Online;0;0
2017;November;15;rbb24.de;Berliner Restaurants spenden einen Euro pro Teller Suppe;t;Online;0;0
2017;November;15;Berliner Rundfunk 91.4;Beitrag Suppe mit Sinn;t;Online;0;0
2017;November;18;süddeutsche.de;Hilfsorganisationen haben Probleme beim Spendeneinzahlen;t;Online;0;0
2017;November;18;rbb24.de;Spendensammler fordern kostenlose Einzahlung von Münzgeld;t;Online;0;0
2017;November;19;Tag24;Warum Bargeld für Hilfs-Organisationen plötzlich ein Problem ist;t;Online;0;0
2017;November;19;Berliner Zeitung;Münzen machen Berliner Hilfsorganisationen Probleme;t;Online;0;0
2017;November;19;dpa Landesdienst Berlin/Brandenburg;Berliner Hilfsorganisationen haben Probleme beim Spendeneinzahlen;t;Online;0;0
2017;November;28;Spandauer Volksblatt;Willkommen in der Weihnachtsstadt! Weihnachtsmarkt und -traum verzauben die Altstadt;t;Online;0;0
2017;Dezember;1;rbb24;"""Eins mehr!"" LAIB und SEELE geht wieder los";lus;Online;0;0
2017;Dezember;2;Der Tagesspiegel;Promis pokern für die Wohlfahrt;t;Online;0;0
2017;Dezember;4;Spandauer Volksblatt;Stollenverkauf für die Herberge zur Heimat - Spandauer Weihnachtsmarkt;t;Online;0;0
2017;Dezember;4;rbb24;Hertha-Profis helfen bei der Berliner Tafel aus;t;Online;0;0
2017;Dezember;5;Berliner Woche;Teilen statt wegschmeißen: Schülerin kämpft gegen Lebensmittel-Verschwendung;t;Online;0;0
2017;Dezember;5;Um6 Sportnachrichten;Hertha Spieler bei der Berliner Tafel;t;Online;0;0
2017;Dezember;5;herthabsc.de;Herthaner helfen: Mit Laib und Seele für Berlin;t;Online;0;0
2017;Dezember;7;AKTIVonline;Armut in Deutschland: Warum sind immer mehr Menschen auf die Tafeln angewiesen?;t;Online;0;0
2017;Dezember;8;Berliner Woche;Ausgabestelle von „Laib und Seele“ muss schließen;lus;Online;0;0
2017;Dezember;10;Berliner Morgenpost online;Wie Sie Obdachlosen in Berlin helfen können;t;Online;0;0
2017;Dezember;18;Focus Online;"""I love Tegel"" verteilt zum vierten Mal Spenden an Bedürftige";t;Online;0;0
2017;Dezember;18;rbb24;Berliner schenken acht Tonnen Lebensmittel;lus;Online;0;0
2017;Dezember;18;Berliner Sonntagsblatt;Berliner schenken acht Tonnen Lebensmittel;lus;Online;0;0
2017;Dezember;18;LR Lausitz;Berliner schenken acht Tonnen Lebensmittel an Bedürftige;lus;Online;0;0
2017;Dezember;18;N24;Berliner schenken acht Tonnen Lebensmittel an Bedürftige;lus;Online;0;0
2017;Dezember;18;dpa Landesdienst Berlin/Brandenburg;Spenden an Bedürftige - Berliner schenken acht Tonnen Lebensmittel;lus;Online;0;0
2017;Dezember;21;Berliner Morgenpost;Altersarmut: Immer mehr Rentner kommen zum Tafel-Essen;t;Online;0;0
2017;Dezember;22;Der Postillon;Immer mehr Rentner können sich Busfahrkarte zur örtlichen Tafel nicht leisten;t;Online;0;0
2017;Dezember;22;hilferuf.de;Wie kann es sein, dass bei der Masseneinwanderung Geld scheinbar keine Rolle spielt, aber es Rentner gibt, die auf die Tafel angewiesen sind?;t;Online;0;0
2017;Dezember;26;Spandauer Volksblatt;Keine Räume, zu wenig Personal: Bezirk findet keine Träger für neue Tafeln;t;Online;0;0
2017;Dezember;30;B.Z;Altersarmut: Immer mehr Rentnern bleibt nur die Tafel;t;Online;0;0
2017;Januar;1;TOP Magazin;Die gute Verbindung von guten Essen und guter Gabe;t;Print;0;0
2017;Januar;16;BZ;Wie viel ist uns der Geburtstag der Tafel-Gründerin Werth wert?;t;Print;0;0
2017;Januar;17;Neues Deutschland;Tafel-Initiatorin feiert 60. Geburtstag;t;Print;0;0
2017;Januar;18;meine Berliner Woche;Lebensmittel für Bedürftige;lus;Print;0;0
2017;Januar;21;dpa;Berliner Tafel bekommt weniger Lebensmittel;t;Print;0;0
2017;Januar;22;BZ am Sonntag;Berliner Tafel verteilt weniger;t;Print;0;0
2017;Januar;22;dpa;Berliner Tafel bekommt weniger Lebensmittel;t;Print;0;0
2017;Januar;22;Berliner Morgenpost;BT bekommt weniger Lebensmittel;t;Print;0;0
2017;Januar;23;Neues Deutschland;Weniger Lebensmittel für die Tafel 2016;t;Print;0;0
2017;Januar;23;Bild BB;Weniger Lebensmittelspenden;t;Print;0;0
2017;Januar;23;Märkische Oderzeitung;Tafel erhält weniger Lebensmittel;t;Print;0;0
2017;Januar;23;Märkische Allgemeine;Die Tafel verteilt weniger Lebensmittel;t;Print;0;0
2017;Januar;23;Oranienburger Generalanzeiger;Tafel erhält weniger Lebensmittel;t;Print;0;0
2017;Januar;24;Berliner Zeitung;Weniger Lebensmittel für Bedürftige;t;Print;0;0
2017;Januar;28;Der Tagesspiegel;Auf den Tisch statt in die Tonne;t;Print;0;0
2017;Januar;30;dpa;Grüne Woche: BT sammelte überzählige Lebensmittel;GW;Print;0;0
2017;Januar;30;afp;BT sammelt 14 Tonnen Lebensmittel auf GW ein;GW;Print;0;0
2017;Januar;31;Bild BB;Messe-Speisen gespendet;GW;Print;0;0
2017;Januar;31;BZ;Tafel sammelte Essen auf GW;GW;Print;0;0
2017;Januar;31;Westdeutsche Zeitung;GW hilft Tafel;GW;Print;0;0
2017;Januar;31;Waldeckische Landeszeitung;14 Tonnen Essen an Tafel gespendet;GW;Print;0;0
2017;Januar;31;Märkische Allgemeine;GW: Tafel sammelte Reste;GW;Print;0;0
2017;Januar;31;Hessische Allgemeine;14 Tonnen Essen an Tafel gespendet;GW;Print;0;0
2017;Januar;31;Berliner Kurier;Ehre, wem Ehre gebührt;GW;Print;0;0
2017;Januar;31;Neues Deutschland;GW: Essen für Bedürftige;GW;Print;0;0
2017;Februar;1;echo;Volle Tüte voraus;t;Print;0;0
2017;Februar;2;BZ;Helden gesucht;t;Print;0;0
2017;Februar;4;Berliner Abendblatt;Die Mutter der Tafel;GW;Print;0;0
2017;Februar;8;Berliner Woche;Lebensmittel für die BT;GW;Print;0;0
2017;Februar;8;meine Berliner Woche;Lebensmittel für die BT;GW;Print;0;0
2017;Februar;9;tip;Suppe mit Sinn;SmS;Print;0;0
2017;Februar;14;"Neues Deutschland ";Tonnen an Lebensmitteln für die Tafel gerettet;FL;Print;0;0
2017;Februar;14;BZ;Fruchtige Überraschung für die Berliner Tafel;FL;Print;0;0
2017;Februar;14;Märkische Allgemeine;Frucht-Messe beliefert BT;FL;Print;0;0
2017;Februar;14;Märkische Allgemeine;50 Tonnen Obst und Gemüse für die Tafel;FL;Print;0;0
2017;Februar;14;Frankfurter Neue Presse;Obst und Gemüse von der Messe für BT;FL;Print;0;0
2017;Februar;14;Oranienburger Generalanzeiger;50 Tonnen Obst und Gemüse für die Tafel;FL;Print;0;0
2017;März;1;Tagungswirtschaft;Verzicht auf Champagner;SmS;Print;0;0
2017;März;11;Berliner Morgenpost;Autodieb springt auf der Flucht vor der Polizei auf die Autobahn;t;Print;0;0
2017;März;22;Meins;Café Meins;t;Print;0;0
2017;März;24;FORUM;Die Politik hat diese Wunde zu heilen;t;Print;0;0
2017;März;28;Berliner Zeitung;Restlos glücklich;t;Print;0;0
2017;März;29;Märkische Oderzeitung;BT startet Oster-Spendenaktion;eins mehr;Print;0;0
2017;April;1;Gartenfreund;Hilfe für BT auf FL;FL;Print;0;0
2017;April;1;Berliner Morgenpost;"Im Supermarkt ""Eins mehr!"" kaufen und für Bedürftige spenden";eins mehr;Print;0;0
2017;April;1;Berliner Abendblatt;FELIX mit LuS einig;lus;Print;0;0
2017;April;6;Berliner Kurier;Ehre, wem Ehre gebührt!;t;Print;0;0
2017;April;6;Jüdische Allgemeine;Ravioli mit Schwein;t;Print;0;0
2017;April;9;Tag des Herrn;BT eröffnet Spendenaktion;eins mehr;Print;0;0
2017;April;10;dpa;Mangel an Ehrenamtlichen bei der BT;t;Print;0;0
2017;April;10;dpa;Tagesvorschau;t;Print;0;0
2017;April;10;dpa;BT sucht mehr als 50 ehrenamtliche Helfer;t;Print;0;0
2017;April;11;Bild BB;Wussten Sie, dass…;t;Print;0;0
2017;April;11;Berliner Zeitung;BT sucht Ehrenamtliche;t;Print;0;1
2017;April;11;na (dpa);Punkt 12 Reportage: eine Tafel in der Kritik;t;Print;0;0
2017;April;11;Berliner Kurier;"Zu wenige Ehrenamtliche ";t;Print;0;1
2017;April;11;Märkische Allgemeine;Tafel sucht dringend Ehrenamtler;t;Print;0;1
2017;April;11;Ruppiner Anzeiger;BT fehlen freiwillige Helfer;t;Print;0;1
2017;April;11;Märkische Oderzeitung;BT fehlen freiwillige Helfer;t;Print;0;1
2017;April;12;Berliner Woche (2x);Gutes tun am Social Day;t;Print;0;0
2017;April;12;Berliner Woche (2x);LuS mit langfristiger Perspektive;lus;Print;0;0
2017;April;13;Bild BB;Tafeln auf Kosten der Armen?;t;Print;0;0
2017;April;13;BZ;Einstecken statt austeilen?;t;Print;0;0
2017;April;13;dpa;BT prüft Veruntreuung durch ehrenamtliche Mitarbeiter;t;Print;0;0
2017;April;14;dpa;BT prüft Veruntreuung durch ehrenamtliche Mitarbeiter;t;Print;0;0
2017;April;15;Märkische Oderzeitung;Tafel prüft Veruntreuung;t;Print;0;0
2017;April;15;Märkische Allgemeine;Berliner Tafel prüft Veruntreuung;t;Print;0;0
2017;April;15;Oranienburger Generalanzeiger;Tafel prüft Veruntreuung;t;Print;0;0
2017;April;15;Berliner Abendblatt;Berliner Tafel sucht Helfer;t;Print;0;0
2017;April;15;Tagesspiegel;BT prüft Vorwürfe gegen Ehrenamtler;t;Print;0;0
2017;April;15;Berliner Zeitung;Tafel-Mitarbeiter soll Lebensmittel gestohlen haben;t;Print;0;0
2017;April;15;BZ;Tafel prüft Vorwürfe;t;Print;0;0
2017;April;15;TAZ;Berliner Tafel;t;Print;0;0
2017;April;19;Märkische Oderzeitung;Tafel sammelt acht Tonnen Lebensmittel;eins mehr;Print;0;0
2017;April;19;Oranienburger Generalanzeiger;Tafel sammelt acht Tonnen Lebensmittel;eins mehr;Print;0;0
2017;April;20;BZ;Tafel verteilt acht Tonnen Lebensmittel;eins mehr;Print;0;0
2017;April;23;Wolfenbüttler Schaufenster;Bessere Planung durch feste Abholtermine;t;Print;0;0
2017;April;29;Berliner Zeitung;Einige schwarze Schafe unter vielen Helfern;t;Print;0;0
2017;Mai;1;Berliner Wirtschaft;Oster-Freuden;lus;Print;0;0
2017;Mai;1;L.MAG;Mit Leidenschaft und guten Ideen die Welt verbessern;t;Print;0;0
2017;Mai;2;dpa;Veruntreuung: Tafel trennt sich von einem Mitarbeiter;t;Print;0;0
2017;Mai;3;Berliner Morgenpost;BT trennt sich von Mitarbeter;t;Print;0;0
2017;Mai;3;BZ;Tafel tauscht nach  TV-Bericht Leiter aus;t;Print;0;0
2017;Mai;3;BZ;Tafel-Mitarbeiter rausgeflogen;t;Print;0;0
2017;Mai;3;Bild BB;BT feuert Mitarbeiter;t;Print;0;0
2017;Mai;3;Neues Deutschland;Veruntreuung: Tafel entlässt Mitarbeiter;t;Print;0;0
2017;Mai;3;Lausitzer Rundschau;Veruntreuung: Tafel trennt sich von Mitarbeiter;t;Print;0;0
2017;Mai;3;Märkische Oderzeitung;BT reagiert auf Missstände;t;Print;0;0
2017;Mai;3;Märkische Allgemeine;Veruntreuung: Tafel trennt sich von Mitarbeiter;t;Print;0;0
2017;Mai;3;Oranienburger Generalanzeiger;BT reagiert auf Missstände;t;Print;0;0
2017;Mai;3;Berliner Zeitung;BT geht gegen Missstände vor;t;Print;0;0
2017;Mai;3;Berliner Woche;Etwas für andere tun;lus;Print;0;0
2017;Mai;4;Tagesspiegel;Tafel prüfte Vorwürfe gegen Ehrenamtliche;t;Print;0;0
2017;Mai;8;BZ;Film ab!;lus;Print;0;0
2017;Mai;10;Berliner Woche (2x);BT prüft Vorwürfe;t;Print;0;0
2017;Mai;11;Reinickendorfer Allgemeine Zeitung;Wir gehen den Dingen konkret nach;t;Print;0;0
2017;Mai;13;Berliner Morgenpost;Ein Supermarkt für gerettete Lebensmittel;t;Print;0;0
2017;Mai;19;dpa;Veruntreuung: Berliner Tafel-Helfer müssen Erklärung unterzeichen;t;Print;0;0
2017;Mai;20;Ruhr Nachrichten;Drastischer Spendenrückgang;t;Print;1;0
2017;Mai;20;Münstersche Zeitung;Drastischer Spendenrückgang;t;Print;1;0
2017;Mai;20;Märkische Oderzeitung;Tafel-Helfer müssen Erklärung abgeben;t;Print;0;0
2017;Mai;20;Oranienburger Generalanzeiger;Tafel-Helfer müssen Erklärung abgeben;t;Print;0;0
2017;Mai;20;BZ;Selbstverpflichtung für die Tafel;t;Print;0;0
2017;Mai;24;Berliner Woche;Eine Tafel für Halensee;lus;Print;0;0
2017;Mai;24;meine Berliner Woche;Eine Tafel für Halensee;lus;Print;0;0
2017;Juni;1;echo;eins mehr für Bedürftige;lus;Print;0;0
2017;Juni;3;Berliner Zeitung;Porta Möbel engagiert sich für Tafel und Kindergarten;t;Print;0;0
2017;Juni;19;Fränkischer Tag;Sprinter für einen guten Zweck;t;Print;0;0
2017;Juni;29;Märkische Allgemeine;Pfand als Spende in Tegel;t;Print;0;0
2017;Juli;1;Gartenfreund;Kolonie Wiesbaden verliert 22 Parzellen;t;Print;0;0
2017;Juli;1;Fundraiser Magazin;Spendenrückgang bei der BT;t;Print;1;0
2017;August;1;AERO International;Spende dein Pfand;t;Print;0;0
2017;September;3;Berliner Woche;Engel für einen Tag: Erste Lichtenberger Freiwilligentage Sept.;lus;Print;0;0
2017;September;6;MOZ Frankfurter Stadtbote;Tafel verteilt Schultüten;t;Print;0;0
2017;September;6;Oranienburger Generalanzeiger;Tafel verteilt Schultüten;t;Print;0;0
2017;September;12;Berliner Woche;Hoffnung für hartes Brötchen & Co: Verkauf von abgelaufenden Lebensmitteln;t;Print;0;0
2017;September;13;Berliner Woche Marzahn, Biesdorf;Sommerfest bei Laib und Seele;lus;Print;0;0
2017;September;13;Oranienburger Generalanzeiger;"Berliner Tafel startet ""Eins mehr""-Aktion";lus;Print;0;0
2017;September;13;MOZ Frankfurter Stadtbote;"Berliner Tafel startet ""Eins mehr""-Aktion";lus;Print;0;0
2017;September;16;Berliner Morgenpost;"""Eins mehr!"" Im Supermarkt Lebensmittel für Bedürftige spenden";lus;Print;0;0
2017;September;26;Berliner Morgenpost;Alles bereit auf der Packstation;lus;Print;0;0
2017;September;29;Berliner Zeitung;Berliner Tafel stiftet 2.760 Schultüten;lus;Print;0;0
2017;September;30;Berliner Morgenpost;"Neue Lebensmittel-Ausgabestelle ""Laib und Seele""";lus;Print;0;0
2017;Oktober;4;Hochmeisterzeitung;Bild anlässlich der Eröffnung der 46. Ausgabestelle;lus;Print;0;0
2017;Oktober;4;Berliner Morgenpost;"Neue Lebensmittel-Ausgabestelle ""Laib und Seele"" in Halensee";lus;Print;0;0
2017;Oktober;4;Berliner zeitung;Berliner Tafel sammelt 7,5 Tonnen Lebensmittel;lus;Print;0;0
2017;Oktober;7;Berliner Morgenpost;Laib und Seele mit neuer Ausgabestelle in Halensee;lus;Print;0;0
2017;Oktober;11;Berliner Woche Charlottenburg;Lebensmittel und ein offenes Ohr;lus;Print;0;0
2017;Oktober;11;Berliner Woche Grunewald, Halensee, Schmargendorf, Westend;Lebensmittel und ein offenes Ohr;lus;Print;0;0
2017;Oktober;25;Berliner Woche Wilmersdorf;Lebensmittel und ein offenes Ohr;lus;Print;0;0
2017;November;0;Spende Dein Pfand - In Berlin gelandet;Spende Dein Pfand - In Berlin gelandet;t;Print;0;0
2017;November;7;Tafel bittet um Geschenke;Tafel bittet um Geschenke;t;Print;0;0
2017;November;7;Tafel bittet um Geschenke;Tafel bittet um Geschenke;t;Print;0;0
2017;November;11;Weihnachtsgeschenke spenden für Bedürftige;Weihnachtsgeschenke spenden für Bedürftige;t;Print;0;0
2017;November;12;Berliner Tafel sucht Weihnachtsgeschenke für Bedürftige;Berliner Tafel sucht Weihnachtsgeschenke für Bedürftige;t;Print;0;0
2017;November;13;MyPlace sammelt Spenden;MyPlace sammelt Spenden;t;Print;0;0
2017;November;18;Suppe mit Sinn zugunsten der Berliner Tafel;Suppe mit Sinn zugunsten der Berliner Tafel;t;Print;0;0
2017;November;20;Einzahlen gespendeter Münzen kostet Geld;Einzahlen gespendeter Münzen kostet Geld;t;Print;0;0
2017;November;29;Gutes tun und Gutes essen;Gutes tun und Gutes essen;t;Print;0;0
2017;November;30;"Es gibt wieder ""Eins mehr!"" in vielen Supermärkten";"Es gibt wieder ""Eins mehr!"" in vielen Supermärkten";lus;Print;0;0
2017;November;30;"""Eins mehr!"" in Supermärkten";"""Eins mehr!"" in Supermärkten";lus;Print;0;0
2017;November;30;"""Eins mehr!"" für Berliner Bedürftige";"""Eins mehr!"" für Berliner Bedürftige";lus;Print;0;0
2017;November;30;"""Eins mehr!"" in Supermärkten";"""Eins mehr!"" in Supermärkten";lus;Print;0;0
2017;Dezember;2;"Im Supermarkt ""Eins Mehr"" für Bedürftige Berliner kaufen";"Im Supermarkt ""Eins Mehr"" für Bedürftige Berliner kaufen";lus;Print;0;0
2017;Dezember;5;Hertha-Freikarten für Tafel-Besucher;Hertha-Freikarten für Tafel-Besucher;t;Print;0;0
2017;Dezember;5;Hertha-Freikarten für Tafel-Besucher;Hertha-Freikarten für Tafel-Besucher;t;Print;0;0
2017;Dezember;6;"""Eins mehr!"" im Supermarkt";"""Eins mehr!"" im Supermarkt";lus;Print;0;0
2017;Dezember;6;Hertha-Spieler helfen bei Berliner Tafel mit;Hertha-Spieler helfen bei Berliner Tafel mit;t;Print;0;0
2017;Dezember;10;Geben, was gebraucht wird - Wie man Obdachlosen helfen kann;Geben, was gebraucht wird - Wie man Obdachlosen helfen kann;t;Print;0;0
2017;Dezember;13;Schlechte Nachricht für Bedürftige: Ausgabestelle von LuS muss schließen;Schlechte Nachricht für Bedürftige: Ausgabestelle von LuS muss schließen;lus;Print;0;0
2017;Dezember;16;"Spenden für bedürftige Menschen: ""I love Tegel""";"Spenden für bedürftige Menschen: ""I love Tegel""";lus;Print;0;0
2017;Dezember;19;Kistenweise Schokolade für Bedürftige;Kistenweise Schokolade für Bedürftige;lus;Print;0;0
2017;Dezember;19;Acht Tonnen Lebensmittel gespendet;Acht Tonnen Lebensmittel gespendet;lus;Print;0;0
2017;Dezember;19;Acht Tonnen Lebensmittel;Acht Tonnen Lebensmittel;lus;Print;0;0
2017;Dezember;19;Acht Tonnen-Spende an Lebensmitteln;Acht Tonnen-Spende an Lebensmitteln;lus;Print;0;0
2017;Dezember;19;Wussten sie, dass… Berliner acht Tonnen Lebensmittel gespendet haben?;Wussten sie, dass… Berliner acht Tonnen Lebensmittel gespendet haben?;lus;Print;0;0
2017;Dezember;20;Ein Abschied voller Wehmut - Ausgabestelle Hausstockweg ist geschlossen;Ein Abschied voller Wehmut - Ausgabestelle Hausstockweg ist geschlossen;lus;Print;0;0
2017;Dezember;21;Ehre, wem Ehre gebührt - Hannelore Köpping-Renk hilft Obdachlosen;Ehre, wem Ehre gebührt - Hannelore Köpping-Renk hilft Obdachlosen;t;Print;0;0
2017;Dezember;21;"Weihnachtsaktion ""I love Tegel""";"Weihnachtsaktion ""I love Tegel""";lus;Print;0;0
2017;Dezember;22;Immer mehr Rentnern bleibt nur die Tafel;Immer mehr Rentnern bleibt nur die Tafel;t;Print;0;0
2017;Dezember;23;Acht Tonnen Lebensmittel für Bedürftige gespendet;Acht Tonnen Lebensmittel für Bedürftige gespendet;lus;Print;0;0
2017;Dezember;24;Acht Tonnen Lebensmittel für Bedürftige gesammelt;Acht Tonnen Lebensmittel für Bedürftige gesammelt;lus;Print;0;0
2017;Dezember;27;Keine Räume, zu wenig Personal - Keine Tafeln für Bedürftige in Siemensstadt und Haselhorst;Keine Räume, zu wenig Personal - Keine Tafeln für Bedürftige in Siemensstadt und Haselhorst;lus;Print;0;0
2017;Dezember;0;Nächstenliebe in der Tollerstraße - eine Reportage aus dem Herzen Wilhelmsruhs;Nächstenliebe in der Tollerstraße - eine Reportage aus dem Herzen Wilhelmsruhs;lus;Print;0;0
2017;Januar;0;StarFM;Vostel und Grüne Woche;t;RADIO;0;0
2017;Januar;0;Radio Berlin;Grüne Woche;t;RADIO;0;0
2017;Januar;0;rbb;Wenn der Andi dem Ahmed die Wurst nicht gönnt;t;RADIO;0;0
2017;Februar;0;Radio Berlin;Fruit O-Töne;t;RADIO;0;0
2017;März;0;Radio Paradiso;In der Mitte der Gesellschaft;t;RADIO;0;0
2017;April;0;Radio B2;BT sucht Ehrenamtliche;t;RADIO;0;1
2017;April;0;Inforadio;RTL Vorwürfe;t;RADIO;0;0
2017;Mai;0;Berliner Rundfunk;Spendenaufruf neue Kühlzelle;t;RADIO;1;0
2017;Juli;0;Deutschlandfunkkultur;Flaschensammeln für Mindestlohn;t;RADIO;0;0
2017;Januar;0;rbb Abendschau;Soziales Engagement für Berlin (vostel);t;TV;0;0
2017;April;0;rbb Abendschau;BT sucht Ehrenamtliche;t;TV;0;0
2017;April;0;RTL Punkt 12;Ehrenamtliche veruntreuen Lebenesmittel;t;TV;0;0
2017;April;0;RTL Explosiv;Ehrenamtliche veruntreuen Lebenesmittel;t;TV;0;0
2017;April;0;rbb Abendschau;RTL Vorwürfe;t;TV;0;0
2017;April;0;rbb Abendschau;RTL Vorwürfe;t;TV;0;0
2017;September;0;Tagesschau;Bundestagswahl Familienpolitik;t;TV;0;0
